url,url_citoid,source_type_citoid,title_citoid,author_first_citoid,author_last_citoid,pub_date_citoid,pub_source_citoid,citation_template,source_type_manual,title_manual,author_last_manual,author_first_manual,pub_date_manual,pub_source_manual,article_url,page_id,revid,wiki_lang,comp_title,comp_source_type,comp_pub_source,comp_pub_date,comp_author_first,comp_author_last,citoid_success,domain,domain_counts,domain_score
http://nl.newsbank.com/nl-search/we/Archives?p_product=DM&p_theme=dm&p_action=search&p_maxdocs=200&p_topdoc=1&p_text_direct-0=0F05475351AD8DDA&p_field_direct-0=document_id&p_perpage=10&p_sort=YMD_date:D&s_trackval=GooglePM,http://nl.newsbank.com/nl-search/we/Archives?p_product=DM&p_theme=dm&p_action=search&p_maxdocs=200&p_topdoc=1&p_text_direct-0=0F05475351AD8DDA&p_field_direct-0=document_id&p_perpage=10&p_sort=YMD_date:D&s_trackval=GooglePM,webpage,,,,,nl.newsbank.com,cite news,"['magazineArticle', 'newspaperArticle']","['Off the wall, out of touch Michael Jackson leans too much on the past for his comeback album']",['Christensen'],['Thor'],['2001-11-04'],[],https://en.wikipedia.org/wiki/Speechless%20%28Michael%20Jackson%20song%29,24922049,1060678327,en,0.0,0,0.0,0.0,0.0,0.0,0,nl.newsbank.com,125,1.128
http://www.cnn.com/2003/ALLPOLITICS/02/04/sprj.colu.president.comforter/,http://www.cnn.com/2003/ALLPOLITICS/02/04/sprj.colu.president.comforter/,webpage,"cnn.com - a presidential role: comforting a nation - feb. 6, 2003",,,,www.cnn.com,cite news,"['magazineArticle', 'newspaperArticle']",['A presidential role: Comforting a nation'],['Loughlin'],['Sean'],['2003-02-06'],['-cnn'],https://en.wikipedia.org/wiki/Ronald%20Reagan,25433,1070269541,en,0.62,0,0.27,0.0,0.0,0.0,0,www.cnn.com,298,2.379194630872483
http://www.robertchristgau.com/xg/cg/cgvts-89.php,http://www.robertchristgau.com/xg/cg/cgvts-89.php,webpage,"robert christgau: consumer guide nov. 28, 1989: turkey shoot",,,,www.robertchristgau.com,cite news,"['magazineArticle', 'newspaperArticle']",['Consumer Guide: Turkey Shoot'],['Christgau'],['Robert'],['1989-11-28'],[],https://en.wikipedia.org/wiki/Mother%27s%20Milk,374852,1069970079,en,0.47,0,0.0,0.0,0.0,0.0,0,www.robertchristgau.com,165,1.793939393939394
https://www.robertchristgau.com/xg/cdrev/nydolls-ble.php,https://www.robertchristgau.com/xg/cdrev/nydolls-ble.php,webpage,"robert christgau: new york dolls: ""too much too soon""",,,,www.robertchristgau.com,cite magazine,[],"[""New York Dolls: 'Too Much Too Soon'""]",['Christgau'],['Robert'],['2005-10-25'],['blender'],https://en.wikipedia.org/wiki/New%20York%20Dolls%20%28album%29,195797,1059553295,en,0.62,0,0.09,0.0,0.0,0.0,0,www.robertchristgau.com,165,1.793939393939394
http://www.cnn.com/ALLPOLITICS/time/1998/12/15/johnson.html,http://www.cnn.com/ALLPOLITICS/time/1998/12/15/johnson.html,webpage,"an impeachment long ago: andrew johnson's saga - december 21, 1998",,,,www.cnn.com,Cite news,"['magazineArticle', 'newspaperArticle']","[""An impeachment long ago: Andrew Johnson's saga""]",['Cohen'],['Adam'],['1998'],[],https://en.wikipedia.org/wiki/Horace%20Greeley,171486,1063711770,en,0.7,0,0.0,0.0,0.0,0.0,0,www.cnn.com,298,2.379194630872483
https://people.com/celebrity/bradley-cooper-zoe-saldana-split-report/,https://people.com/celebrity/bradley-cooper-zoe-saldana-split-report/,webpage,"bradley cooper, zoe saldana split: report","['tim nudd updated', '2013 10:25']","['january 03', 'am']",,people.com,Cite news,"['magazineArticle', 'newspaperArticle']",['Buzz:Bradley Cooper & Zoe Saldana Split Again'],"['Nudd, Tim']",[],['2013-01-03'],['people'],https://en.wikipedia.org/wiki/Bradley%20Cooper,365352,1070674611,en,0.69,0,0.6,0.0,0.0,0.1,0,people.com,153,1.542483660130719
https://people.com/celebrity/angelina-jolie-and-brad-pitt-split-source-responds-to-abuse-allegations/,https://people.com/celebrity/angelina-jolie-and-brad-pitt-split-source-responds-to-abuse-allegations/,webpage,angelina jolie and brad pitt split: source responds to abuse allegations,"['michael miller updated', '2016 06:10']","['september 22', 'pm']",,people.com,cite magazine,[],"[""Brad Pitt's Side of the Story: He 'Did Not Hit' Maddox as Plane Fight with Angelina Jolie 'Got Out of Hand,' Says Source""]",['Miller'],['Michael'],['2016-09-22'],['people'],https://en.wikipedia.org/wiki/Brad%20Pitt,44849,1068109742,en,0.22,0,0.6,0.0,0.16,0.09,0,people.com,153,1.542483660130719
https://www.allmusic.com/album/that-one-night-live-in-buenos-aires-mw0000487698,https://www.allmusic.com/album/that-one-night-live-in-buenos-aires-mw0000487698,audioRecording,"that one night: live in buenos aires - megadeth | songs, reviews, credits | allmusic",,,,,cite web,"['blogPost', 'email', 'forumPost', 'webpage']",['Megadeth: That One Night: Live in Buenos Aires'],['Prato'],['Greg'],['2007-03-27'],['allmusic'],https://en.wikipedia.org/wiki/Megadeth,20653,1069565817,en,0.31,0,0.0,0.0,0.0,0.0,0,www.allmusic.com,468,2.2222222222222223
https://www.allmusic.com/album/3-of-hearts-mw0000004177,https://www.allmusic.com/album/3-of-hearts-mw0000004177,audioRecording,"3 of hearts - 3 of hearts | songs, reviews, credits | allmusic",,,,,cite web,"['blogPost', 'email', 'forumPost', 'webpage']",['AllMusic Review by Stephen Thomas Erlewine'],['Erlewine'],['Stephen Thomas'],['2001-03-06'],['allmusic'],https://en.wikipedia.org/wiki/3%20of%20Hearts%20%28album%29,10856317,1068694088,en,0.18,0,0.0,0.0,0.0,0.0,0,www.allmusic.com,468,2.2222222222222223
https://www.imdb.com/title/tt0264648/,https://www.imdb.com/title/tt0264648/,film,a glimpse of hell,['mikael'],['salomon'],2001-03-18,"20th century fox television, fox television studios, glimpse of hell productions",cite web,"['blogPost', 'email', 'forumPost', 'webpage']",['A Glimpse of Hell (2001) (TV)'],['IMDB.com'],[],['2001'],[],https://en.wikipedia.org/wiki/Fred%20Moosally,20608118,1070200322,en,0.59,0,0.0,0.7,0.0,0.12,0,www.imdb.com,285,2.4
https://ew.com/article/2015/10/01/donald-trump-mockingjay-jennifer-lawrence/,https://ew.com/article/2015/10/01/donald-trump-mockingjay-jennifer-lawrence/,webpage,"president trump would be 'the end of the world,' says jennifer lawrence","['nicole sperling updated', '2015 at 03:47 pm']","['october 01', 'edt']",,ew.com,cite news,"['magazineArticle', 'newspaperArticle']","[""Jennifer Lawrence: President Trump would be 'the end of the world'""]",['Sperling'],['Nicole'],['2015-10-01'],['entertainment weekly'],https://en.wikipedia.org/wiki/Jennifer%20Lawrence,12684530,1070425699,en,0.39,0,0.1,0.0,0.13,0.06,0,ew.com,350,1.7571428571428571
https://history.nasa.gov/SP-4029/SP-4029.htm,https://history.nasa.gov/SP-4029/SP-4029.htm,webpage,sp-4029,,,,history.nasa.gov,cite book,"['book', 'manuscript']",['Apollo by the Numbers: A Statistical Reference'],['Orloff'],['Richard W.'],['2004-09-25'],"['washington, d.c.', 'nasa']",https://en.wikipedia.org/wiki/Apollo%207,1773,1067934740,en,0.02,0,0.25,0.0,0.0,0.0,0,history.nasa.gov,239,2.3556485355648538
"https://news.google.com/newspapers?nid=950&dat=19800617&id=XQAMAAAAIBAJ&pg=6904,451711&hl=en","https://news.google.com/newspapers?nid=950&dat=19800617&id=XQAMAAAAIBAJ&pg=6904,451711&hl=en",webpage,the evening independent - google news archive search,,,,news.google.com,cite news,"['magazineArticle', 'newspaperArticle']",['Top of the Chart'],['Chick'],['Bob'],['1980-06-17'],['the evening independent'],https://en.wikipedia.org/wiki/Herschel%20Greer%20Stadium,1986758,1063793415,en,0.19,0,0.13,0.0,0.0,0.0,0,news.google.com,902,1.5432372505543237
"https://news.google.com/newspapers?id=uWdKAAAAIBAJ&sjid=25MMAAAAIBAJ&pg=6666,7567657","https://news.google.com/newspapers?id=uWdKAAAAIBAJ&sjid=25MMAAAAIBAJ&pg=6666,7567657",webpage,the telegraph - google news archive search,,,,news.google.com,cite news,"['magazineArticle', 'newspaperArticle']",['Baseball Notebook'],['Livingstone'],['Seth'],['1990-04-27'],[],https://en.wikipedia.org/wiki/Billy%20Bates%20%28baseball%29,4570670,1058019284,en,0.14,0,0.0,0.0,0.0,0.0,0,news.google.com,902,1.5432372505543237
https://www.telegraph.co.uk/culture/film/3651577/A-small-quiet-miracle.html,https://www.telegraph.co.uk/culture/film/3651577/A-small-quiet-miracle.html,webpage,"a small, quiet miracle",,,,www.telegraph.co.uk,cite news,"['magazineArticle', 'newspaperArticle']","['A small, quiet miracle']",['Robey'],['Tim'],['2005-08-26'],['the washington post'],https://en.wikipedia.org/wiki/Amy%20Adams,3830432,1066796755,en,0.19,0,0.05,0.0,0.0,0.0,0,www.telegraph.co.uk,1116,2.2267025089605736
https://history.nasa.gov/SP-423/sp423.htm,https://history.nasa.gov/SP-423/sp423.htm,webpage,sp423,,,,history.nasa.gov,cite book,"['book', 'manuscript']",['Atlas of Mercury'],"['Davies', 'Dwornik', 'Gault', 'Strom']","['Merton E.', 'Stephen E.', 'Donald E.', 'Robert G.']",['1978'],['nasa office of space sciences'],https://en.wikipedia.org/wiki/Mercury%20%28planet%29,19694,1068635067,en,0.06,0,0.14,0.0,0.0,0.0,0,history.nasa.gov,239,2.3556485355648538
https://ew.com/movies/2017/08/11/glass-castle-brie-larson-interview/,https://ew.com/movies/2017/08/11/glass-castle-brie-larson-interview/,webpage,how brie larson brought jeannette walls to life in 'the glass castle',"['devan coggan', '2017 at 08:11 am']","['august 11', 'edt']",,ew.com,cite news,"['magazineArticle', 'newspaperArticle']","[""How Brie Larson brought Jeannette Walls' The Glass Castle to life""]",['Coggan'],['Devan'],['2017-08-11'],['entertainment weekly'],https://en.wikipedia.org/wiki/Brie%20Larson,1339248,1067905574,en,0.71,0,0.1,0.0,0.21,0.06,0,ew.com,350,1.7571428571428571
http://www.ibiblio.org/hyperwar/USA/USA-P-Papua/index.html,http://www.ibiblio.org/hyperwar/USA/USA-P-Papua/index.html,webpage,hyperwar: us army in wwii: victory in papua,,,,www.ibiblio.org,cite book,"['book', 'manuscript']",['Victory in Papua'],['Milner'],['Samuel'],['1957'],"['washington, d.c.', 'united states department of the army']",https://en.wikipedia.org/wiki/Douglas%20MacArthur,48596,1070498057,en,0.37,0,0.12,0.0,0.0,0.0,0,www.ibiblio.org,166,1.4939759036144578
http://www.ibiblio.org/hyperwar/USA/USA-P-Strategy/index.html,http://www.ibiblio.org/hyperwar/USA/USA-P-Strategy/index.html,webpage,hyperwar: us army in wwii: strategy and command: the first two years,,,,www.ibiblio.org,cite book,"['book', 'manuscript']",['Strategy and Command: The First Two Years'],['Morton'],['Louis'],['1962'],"['washington', 'center of military history, united states army']",https://en.wikipedia.org/wiki/Allied%20logistics%20in%20the%20Kokoda%20Track%20campaign,51118476,1069087113,en,0.6,0,0.2,0.0,0.0,0.0,0,www.ibiblio.org,166,1.4939759036144578
https://www.npr.org/templates/story/story.php?storyId=4249835,https://www.npr.org/templates/story/story.php?storyId=4249835,newspaperArticle,last laughs 2004: cartoonist matt groening,,,,npr.org,cite interview,[],['Fresh Air'],['Groening'],['Matt'],['2004-12-29'],"['terry gross', 'whyy-fm', 'national public radio']",https://en.wikipedia.org/wiki/Phil%20Hartman,100840,1070700067,en,0.12,0,0.18,0.0,0.0,0.0,0,www.npr.org,248,2.5725806451612905
https://www.npr.org/templates/story/story.php?storyId=4249835,https://www.npr.org/templates/story/story.php?storyId=4249835,newspaperArticle,last laughs 2004: cartoonist matt groening,,,,npr.org,cite interview,[],['Fresh Air'],['Groening'],['Matt'],['2004-12-29'],"['terry gross', 'whyy-fm', 'npr']",https://en.wikipedia.org/wiki/The%20Simpsons,29838,1070386551,en,0.12,0,0.43,0.0,0.0,0.0,0,www.npr.org,248,2.5725806451612905
http://edition.cnn.com/TRANSCRIPTS/0603/21/ltm.01.html,http://edition.cnn.com/TRANSCRIPTS/0603/21/ltm.01.html,webpage,cnn.com - transcripts,,,,edition.cnn.com,cite news,"['magazineArticle', 'newspaperArticle']",['Storms Blanket Midwest; Insurgents Launch Full-Scale Attack on Iraqi Police'],"[""O'Brien""]",['Soledad'],['2006-03-21'],"['american morning', 'cnn']",https://en.wikipedia.org/wiki/Trapped%20in%20the%20Closet%20%28South%20Park%29,3179626,1066560642,en,0.15,0,0.2,0.0,0.0,0.0,0,edition.cnn.com,180,2.466666666666667
http://edition.cnn.com/2003/WORLD/meast/03/18/sprj.irq.spain/index.html,http://edition.cnn.com/2003/WORLD/meast/03/18/sprj.irq.spain/index.html,webpage,"cnn.com - spain: no combat role in iraq war - mar. 18, 2003",,,,edition.cnn.com,Cite news,"['magazineArticle', 'newspaperArticle']",['Spain: No combat role in Iraq war'],['Goodman'],['Al'],['2003-03-18'],['cnn'],https://en.wikipedia.org/wiki/McDonnell%20Douglas%20AV-8B%20Harrier%20II,18940560,1067030445,en,0.56,0,0.2,0.0,0.0,0.0,0,edition.cnn.com,180,2.466666666666667
https://www.chicagotribune.com/news/ct-xpm-1999-12-23-9912230065-story.html,https://www.chicagotribune.com/news/ct-xpm-1999-12-23-9912230065-story.html,webpage,multilayered humor,,,,chicago tribune,Cite news,"['magazineArticle', 'newspaperArticle']","[""Multilayered Humor: 'Animaniacs' Serves Up Laughs For All Age Groups""]",[],[],['1999-12-23'],[],https://en.wikipedia.org/wiki/Animaniacs,21684015,1070436988,en,0.17,0,0.0,0.0,0.0,0.0,0,www.chicagotribune.com,113,2.566371681415929
https://www.chicagotribune.com/news/ct-xpm-1995-03-07-9503080221-story.html,https://www.chicagotribune.com/news/ct-xpm-1995-03-07-9503080221-story.html,webpage,parody-lites,,,,chicago tribune,cite news,"['magazineArticle', 'newspaperArticle']","[""Driving You Wakko: 'Animaniacs' Bits Sound Familiar Because They Are""]",['Liebenson'],['Donald'],['1995-03-07'],['usa'],https://en.wikipedia.org/wiki/Animaniacs,21684015,1070436988,en,0.1,0,0.07,0.0,0.0,0.0,0,www.chicagotribune.com,113,2.566371681415929
https://www.telegraph.co.uk/news/worldnews/australiaandthepacific/newzealand/7846625/Most-expensive-feather-ever-fetches-4000-at-auction.html,https://www.telegraph.co.uk/news/worldnews/australiaandthepacific/newzealand/7846625/Most-expensive-feather-ever-fetches-4000-at-auction.html,webpage,"most expensive feather ever fetches PS4,000 at auction",,,,www.telegraph.co.uk,cite news,"['magazineArticle', 'newspaperArticle']","[""Most expensive feather ever fetches £4,000 at auction ''Heteralocha acutirostris''""]",['Malkin'],['Bonnie'],['2010-06-22'],"['daily telegraph', 'london']",https://en.wikipedia.org/wiki/Huia,347713,1067622212,en,0.65,0,0.37,0.0,0.0,0.0,0,www.telegraph.co.uk,1116,2.2267025089605736
http://usatoday30.usatoday.com/life/television/news/2009-03-12-pollan-natalee-holloway_N.htm,http://usatoday30.usatoday.com/life/television/news/2009-03-12-pollan-natalee-holloway_N.htm,webpage,pollan plays natalee holloway's mother - usatoday.com,,,,usatoday30.usatoday.com,cite news,"['magazineArticle', 'newspaperArticle']","[""Pollan plays Natalee Holloway's mother""]",['Strauss'],['Gary'],['2009'],['usa today'],https://en.wikipedia.org/wiki/Disappearance%20of%20Natalee%20Holloway,4779630,1070545156,en,0.72,0,0.35,0.0,0.0,0.0,0,usatoday30.usatoday.com,170,1.723529411764706
http://usatoday30.usatoday.com/life/television/news/2007-01-10-miley-cyrus_x.htm,http://usatoday30.usatoday.com/life/television/news/2007-01-10-miley-cyrus_x.htm,webpage,miley cyrus fulfills her destiny - usatoday.com,,,,usatoday30.usatoday.com,cite news,"['magazineArticle', 'newspaperArticle']",['Miley Cyrus fulfills her destiny'],['Oldenburg'],['Ann'],['2007-01-14'],[],https://en.wikipedia.org/wiki/Hannah%20Montana,3744098,1070042930,en,0.68,0,0.0,0.0,0.0,0.0,0,usatoday30.usatoday.com,170,1.723529411764706
https://abcnews.go.com/Health/Healthday/story?id=4507824&page=1,https://abcnews.go.com/Health/Healthday/story?id=4507824&page=1,webpage,pet turtles pose salmonella danger to kids,['a. b. c.'],['news'],,abc news,cite news,"['magazineArticle', 'newspaperArticle']","[""Pet turtles pose salmonella danger to kids: They're banned from sale by law but still appear at flea markets, pet shops, experts say""]","['Reinberg, Steven']",[],['2010-03-23'],[],https://en.wikipedia.org/wiki/Painted%20turtle,1202013,1068606488,en,0.32,0,0.0,0.0,0.0,0.19,0,abcnews.go.com,107,2.308411214953271
https://www.nps.gov/parkhistory/online_books/grte/grte_geology/sec1.htm,https://www.nps.gov/parkhistory/online_books/grte/grte_geology/sec1.htm,webpage,creation of the teton landscape: the geologic story of grand teton national park (the story begins),,,,www.nps.gov,cite book,"['book', 'manuscript']",['Creation of the Teton Landscape'],['Love'],['David'],['1997'],['grand teton natural history association'],https://en.wikipedia.org/wiki/Grand%20Teton%20National%20Park,45474,1067942713,en,0.31,0,0.08,0.0,0.0,0.0,0,www.nps.gov,193,2.2642487046632125
https://www.nps.gov/parkhistory/online_books/grte/grte_geology/sec6.htm,https://www.nps.gov/parkhistory/online_books/grte/grte_geology/sec6.htm,webpage,creation of the teton landscape: the geologic story of grand teton national park (the paleozoic era),,,,www.nps.gov,cite book,"['book', 'manuscript']",['Creation of the Teton Landscape'],['Love'],['David'],['1997'],['grand teton natural history association'],https://en.wikipedia.org/wiki/Grand%20Teton%20National%20Park,45474,1067942713,en,0.31,0,0.08,0.0,0.0,0.0,0,www.nps.gov,193,2.2642487046632125
http://darwin-online.org.uk/content/frameset?itemID=F391&viewtype=text&pageseq=1,http://darwin-online.org.uk/content/frameset?itemID=F391&viewtype=text&pageseq=1,webpage,,,,,darwin-online.org.uk,cite book,"['book', 'manuscript']","['The Origin of Species by Means of Natural Selection, or the Preservation of Favoured Races in the Struggle for Life']",['Darwin'],['Charles'],['1872'],"['london', 'john murray']",https://en.wikipedia.org/wiki/Charles%20Darwin,8145410,1068625332,en,0.0,0,0.15,0.0,0.0,0.0,0,darwin-online.org.uk,156,1.2884615384615385
http://nl.newsbank.com/nl-search/we/Archives?p_product=BN&p_theme=bn&p_action=search&p_maxdocs=200&p_topdoc=1&p_text_direct-0=0EAF988289421A5C&p_field_direct-0=document_id&p_perpage=10&p_sort=YMD_date:D&s_trackval=GooglePM,http://nl.newsbank.com/nl-search/we/Archives?p_product=BN&p_theme=bn&p_action=search&p_maxdocs=200&p_topdoc=1&p_text_direct-0=0EAF988289421A5C&p_field_direct-0=document_id&p_perpage=10&p_sort=YMD_date:D&s_trackval=GooglePM,webpage,,,,,nl.newsbank.com,cite news,"['magazineArticle', 'newspaperArticle']",['McVeigh Tried to Have Ammo Mailed His Sister Picked Up Supply After Store Refused His Request to Ship It'],['Michel'],['Lou'],['1995-04-29'],['the buffalo news'],https://en.wikipedia.org/wiki/Oklahoma%20City%20bombing,22467,1070488107,en,0.0,0,0.06,0.0,0.0,0.0,0,nl.newsbank.com,125,1.128
https://pitchfork.com/reviews/albums/11110-blade-runner-trilogy-25th-anniversary/,https://pitchfork.com/reviews/albums/11110-blade-runner-trilogy-25th-anniversary/,webpage,vangelis: blade runner trilogy: 25th anniversary,['conde'],['nast'],,pitchfork,citation,"['artwork', 'audioRecording', 'bill', 'bookSection', 'case', 'computerProgram', 'dictionaryEntry', 'document', 'encyclopediaArticle', 'film', 'hearing', 'instantMessage', 'interview', 'letter', 'map', 'podcast', 'radioBroadcast', 'statute', 'tvBroadcast', 'videoRecording']","[""Album Review: Vangelis: ''Blade Runner Trilogy: 25th Anniversary''""]",['Orme'],['Mike'],['2008-02-07'],[],https://en.wikipedia.org/wiki/Blade%20Runner,3746,1069782950,en,0.73,0,0.0,0.0,0.2,0.0,0,pitchfork.com,218,2.830275229357798
https://books.google.com.ar/books?id=Jq-A2xEoAHIC&pg=PA72#v=onepage&q&f=false,https://books.google.com.ar/books?id=Jq-A2xEoAHIC&pg=PA72#v=onepage&q&f=false,book,spin,['spin media'],['llc'],1998-04,spin media llc,cita publicación,"['conferencePaper', 'dictionaryEntry', 'encyclopediaArticle', 'journalArticle', 'presentation', 'report', 'thesis']",['Madonna chooses dare'],[],['Barry'],['1998-04-25'],['spin'],https://es.wikipedia.org/wiki/Frozen%20%28canci%C3%B3n%20de%20Madonna%29,1582248,141504102,es,0.05,0,0.29,0.7,0.0,0.0,0,books.google.com.ar,109,1.981651376146789
http://docs.newsbank.com/openurl?ctx_ver=z39.88-2004&rft_id=info:sid/iw.newsbank.com:NewsBank:JHNB&rft_val_format=info:ofi/fmt:kev:mtx:ctx&rft_dat=11D34AA8A903C568&svc_dat=InfoWeb:aggregated4&req_dat=AA98CDC331574F0ABEAFF732B33DC0B2,http://docs.newsbank.com/openurl?ctx_ver=z39.88-2004&rft_id=info:sid/iw.newsbank.com:NewsBank:JHNB&rft_val_format=info:ofi/fmt:kev:mtx:ctx&rft_dat=11D34AA8A903C568&svc_dat=InfoWeb:aggregated4&req_dat=AA98CDC331574F0ABEAFF732B33DC0B2,webpage,openurl error,,,,docs.newsbank.com,cite news,"['magazineArticle', 'newspaperArticle']",['I-355 extension will change travel'],"['Graf', 'Ferrell']","['Tony', 'Patrick']",['2007-11-11'],"['the herald news', 'joliet, il']",https://en.wikipedia.org/wiki/Interstate%20355,501413,1057323880,en,0.18,0,0.12,0.0,0.0,0.0,0,docs.newsbank.com,143,1.3286713286713288
http://docs.newsbank.com/openurl?ctx_ver=z39.88-2004&rft_id=info:sid/iw.newsbank.com:NewsBank:CTRB&rft_val_format=info:ofi/fmt:kev:mtx:ctx&rft_dat=0FF82AD828F23C2E&svc_dat=InfoWeb:aggregated4&req_dat=AA98CDC331574F0ABEAFF732B33DC0B2,http://docs.newsbank.com/openurl?ctx_ver=z39.88-2004&rft_id=info:sid/iw.newsbank.com:NewsBank:CTRB&rft_val_format=info:ofi/fmt:kev:mtx:ctx&rft_dat=0FF82AD828F23C2E&svc_dat=InfoWeb:aggregated4&req_dat=AA98CDC331574F0ABEAFF732B33DC0B2,webpage,openurl error,,,,docs.newsbank.com,cite news,"['magazineArticle', 'newspaperArticle']",['Suits pile up on north–south Tollway'],['Enstad'],['Robert'],['1990-04-29'],['chicago tribune'],https://en.wikipedia.org/wiki/Interstate%20355,501413,1057323880,en,0.17,0,0.06,0.0,0.0,0.0,0,docs.newsbank.com,143,1.3286713286713288
https://www.bbc.co.uk/manchester/content/articles/2006/04/05/050406_manchester_phoenix_feature.shtml,https://www.bbc.co.uk/manchester/content/articles/2006/04/05/050406_manchester_phoenix_feature.shtml,webpage,bbc - manchester - sport - phoenix on ice,,,,www.bbc.co.uk,cite news,"['magazineArticle', 'newspaperArticle']",['Phoenix on ice'],['Costigan'],['Andy'],['2006-04-06'],['bbc.co.uk'],https://en.wikipedia.org/wiki/Altrincham,285284,1069727692,en,0.34,0,0.69,0.0,0.0,0.0,0,www.bbc.co.uk,324,2.978395061728395
https://www.bbc.co.uk/blogs/tms/2009/03/tune_in_for_the_womens_world_c.shtml,https://www.bbc.co.uk/blogs/tms/2009/03/tune_in_for_the_womens_world_c.shtml,webpage,bbc - test match special: tune in for the women's world cup final,,,,www.bbc.co.uk,cite news,"['magazineArticle', 'newspaperArticle']","[""Tune in for the Women's World Cup final""]",['Mitchell'],['Alison'],['2009-03-19'],['bbc sport'],https://en.wikipedia.org/wiki/2009%20Women%27s%20Cricket%20World%20Cup%20Final,35365727,1066807873,en,0.6,0,0.23,0.0,0.0,0.0,0,www.bbc.co.uk,324,2.978395061728395
http://www.eurogamer.net/articles/call-of-duty-4-modern-warfare-review?page=1,http://www.eurogamer.net/articles/call-of-duty-4-modern-warfare-review?page=1,newspaperArticle,call of duty 4: modern warfare review,,,2007-11-09,eurogamer.net,citar web,"['blogPost', 'email', 'forumPost', 'webpage']",['Call Of Duty 4 review'],['Reed'],['Kristan'],[],['eurogamer'],https://pt.wikipedia.org/wiki/Call%20of%20Duty%204%3A%20Modern%20Warfare,1316122,62938766,pt,0.57,0,0.69,0.0,0.0,0.0,0,www.eurogamer.net,785,2.1554140127388535
https://pitchfork.com/reviews/albums/aaliyah-aaliyah/,https://pitchfork.com/reviews/albums/aaliyah-aaliyah/,webpage,aaliyah: aaliyah,['conde'],['nast'],,pitchfork,cite magazine,[],['Aaliyah: Aaliyah Album Review'],['Kameir'],['Rawija'],['2019-07-14'],[],https://en.wikipedia.org/wiki/Aaliyah%20%28album%29,1127874,1069970949,en,0.55,0,0.0,0.0,0.0,0.17,0,pitchfork.com,218,2.830275229357798
https://www.yorkpress.co.uk/sport/9557727.york-city-relishing-prospect-of-fa-trophy-ties-against-luton-town/,https://www.yorkpress.co.uk/sport/9557727.york-city-relishing-prospect-of-fa-trophy-ties-against-luton-town/,webpage,york city relishing prospect of fa trophy ties,,,,york press,cite news,"['magazineArticle', 'newspaperArticle']",['York City relishing prospect of FA Trophy ties against Luton Town'],['Flett'],['Dave'],['2012-02-28'],['york'],https://en.wikipedia.org/wiki/York%20City%20F.C.,451170,1069935031,en,0.71,0,0.4,0.0,0.0,0.0,0,www.yorkpress.co.uk,164,1.9146341463414633
https://www.vanityfair.com/news/1917/05/james-joyce-portrait-of-the-artist-as-a-young-man,https://www.vanityfair.com/news/1917/05/james-joyce-portrait-of-the-artist-as-a-young-man,webpage,the world learns about james joyce,['conde'],['nast'],2014-06-11,vanity fair,cite news,"['magazineArticle', 'newspaperArticle']","['James Joyce, a new Irish novelist']",['Quinn'],['John'],[],[],https://en.wikipedia.org/wiki/James%20Joyce,15600,1070111190,en,0.15,0,0.0,0.0,0.2,0.0,0,www.vanityfair.com,123,2.7642276422764227
https://www.yorkpress.co.uk/news/ryedale/13934998.new-york-city-boss-jackie-mcnamara-excited-by-league-two-challenge-at-bootham-crescent/,https://www.yorkpress.co.uk/news/ryedale/13934998.new-york-city-boss-jackie-mcnamara-excited-by-league-two-challenge-at-bootham-crescent/,webpage,new boss jackie mcnamara excited by york city challenge,,,,york press,cite news,"['magazineArticle', 'newspaperArticle']",['New York City boss Jackie McNamara excited by League Two challenge at Bootham Crescent'],['Martini'],['Peter'],['2015-11-04'],['york'],https://en.wikipedia.org/wiki/History%20of%20York%20City%20F.C.%20%281980%E2%80%93present%29,47986340,1068326310,en,0.55,0,0.4,0.0,0.0,0.0,0,www.yorkpress.co.uk,164,1.9146341463414633
https://www.independent.co.uk/news/obituaries/luciano-pavarotti-401608.html,https://www.independent.co.uk/news/obituaries/luciano-pavarotti-401608.html,webpage,luciano pavarotti,,,2007-09-06,the independent,cite news,"['magazineArticle', 'newspaperArticle']",['Luciano Pavarotti (Obituary)'],['Forbes'],['Elizabeth'],['2007-09-07'],[],https://en.wikipedia.org/wiki/Tosca,38245,1068447548,en,0.61,0,0.0,0.7,0.0,0.0,0,www.independent.co.uk,490,2.7387755102040816
https://www.independent.co.uk/news/world/politics/german-election-results-exit-poll-2017-live-latest-afd-mps-merkel-alternative-a7964796.html,https://www.independent.co.uk/news/world/politics/german-election-results-exit-poll-2017-live-latest-afd-mps-merkel-alternative-a7964796.html,webpage,far-right party wins mps in german parliament for first time in half a century,,,2017-09-25,the independent,cite news,"['magazineArticle', 'newspaperArticle']",['German elections: Far-right wins MPs for first time in half a century'],['Stone'],['Jon'],['2017-09-24'],[],https://en.wikipedia.org/wiki/Germany,11867,1070064745,en,0.51,0,0.0,0.7,0.0,0.0,0,www.independent.co.uk,490,2.7387755102040816
https://books.google.com.ar/books?id=fsi_VCMy0tQC&pg=PA108&redir_esc=y#v=onepage&q&f=false,https://books.google.com.ar/books?id=fsi_VCMy0tQC&pg=PA108&redir_esc=y#v=onepage&q&f=false,book,spin,['spin media'],['llc'],1993-10,spin media llc,cita publicación,"['conferencePaper', 'dictionaryEntry', 'encyclopediaArticle', 'journalArticle', 'presentation', 'report', 'thesis']","['Madonna, ""Rain"" (Maverick/Sire/Warner Bros.)']",[],['Charles'],['1993-10-25'],['spin'],https://es.wikipedia.org/wiki/Erotica,216164,141336773,es,0.05,0,0.29,0.7,0.1,0.0,0,books.google.com.ar,109,1.981651376146789
http://darwin-online.org.uk/content/frameset?pageseq=1&itemID=F385&viewtype=side,http://darwin-online.org.uk/content/frameset?pageseq=1&itemID=F385&viewtype=side,webpage,,,,,darwin-online.org.uk,cite book,"['book', 'manuscript']","['On the Origin of Species by Means of Natural Selection, or the Preservation of Favoured Races in the Struggle for Life']",['Darwin'],['Charles'],['1866'],"['london', 'john murray']",https://en.wikipedia.org/wiki/History%20of%20evolutionary%20thought,21501970,1067606170,en,0.0,0,0.15,0.0,0.0,0.0,0,darwin-online.org.uk,156,1.2884615384615385
https://www.eurogamer.net/articles/2011-08-16-the-story-of-dota-article,https://www.eurogamer.net/articles/2011-08-16-the-story-of-dota-article,newspaperArticle,the story of dota,,,2014-04-06,eurogamer.net,cite web,"['blogPost', 'email', 'forumPost', 'webpage']",['The Story of DOTA; How a bastard mod became its own genre'],['Dean'],['Paul'],['2014-04-14'],['eurogamer'],https://en.wikipedia.org/wiki/Defense%20of%20the%20Ancients,2322017,1065379118,en,0.3,0,0.69,0.7,0.0,0.0,0,www.eurogamer.net,785,2.1554140127388535
https://www1.folha.uol.com.br/folha/livrariadafolha/658641-baseado-em-livro-oracoes-para-bobby-leva-gays-e-heteros-ao-choro.shtml,https://www1.folha.uol.com.br/folha/livrariadafolha/658641-baseado-em-livro-oracoes-para-bobby-leva-gays-e-heteros-ao-choro.shtml,webpage,"folha.com - livraria da folha - baseado em livro, ""oracoes para bobby"" leva gays e heteros ao choro - 27/11/2009",,,,www1.folha.uol.com.br,citar periódico,"['bookSection', 'conferencePaper', 'dictionaryEntry', 'encyclopediaArticle', 'journalArticle', 'magazineArticle', 'newspaperArticle', 'presentation', 'report', 'thesis']","['Baseado em livro, ""Orações para Bobby"" leva gays e héteros ao choro']",['Ripardo'],['Sérgio'],['2009-09-27'],['folha de s. paulo'],https://pt.wikipedia.org/wiki/Prayers%20for%20Bobby,2547948,58947255,pt,0.6,0,0.24,0.0,0.0,0.0,0,www1.folha.uol.com.br,126,2.9682539682539684
https://www1.folha.uol.com.br/opiniao/2020/04/nosso-plano-cohen-de-cada-dia.shtml,https://www1.folha.uol.com.br/opiniao/2020/04/nosso-plano-cohen-de-cada-dia.shtml,webpage,alberto zacharias toron: nosso plano cohen de cada dia,,,2020-04-28,folha de s.paulo,Citar periódico,"['bookSection', 'conferencePaper', 'dictionaryEntry', 'encyclopediaArticle', 'journalArticle', 'magazineArticle', 'newspaperArticle', 'presentation', 'report', 'thesis']",['Nosso Plano Cohen de cada dia'],['Toron'],['Alberto Zacharias'],['2020'],[],https://pt.wikipedia.org/wiki/Plano%20Cohen,29343,62713125,pt,0.54,0,0.0,0.7,0.0,0.0,0,www1.folha.uol.com.br,126,2.9682539682539684
http://www.amazon.com/Darren-Aronofskys-Films-Fragility-Hope/dp/1501306979/ref=asap_bc?ie=UTF8,http://www.amazon.com/Darren-Aronofskys-Films-Fragility-Hope/dp/1501306979/ref=asap_bc?ie=UTF8,webpage,amazon.com,,,,www.amazon.com,Citar livro,"['book', 'manuscript']",['Darren Aronofsky’s Films and the Fragility of Hope'],['Skorin-Kapov'],['Jadranka'],['2015-11-19'],['bloomsbury academic'],https://pt.wikipedia.org/wiki/Cisne%20Negro,2919118,60857498,pt,0.1,0,0.11,0.0,0.0,0.0,0,www.amazon.com,206,1.8786407766990292
https://variety.com/1998/film/reviews/from-the-earth-to-the-moon-2-1200453500/,https://variety.com/1998/film/reviews/from-the-earth-to-the-moon-2-1200453500/,blogPost,from the earth to the moon,"['ray', 'ray']","['richmond', 'richmond']",1998-04-01,variety,cite news,"['magazineArticle', 'newspaperArticle']",['From the Earth to the Moon'],"['Richmond, Ray']",[],['1998-03-31'],[],https://en.wikipedia.org/wiki/Alan%20Shepard,63727,1069150045,en,0.72,0,0.0,0.7,0.5,0.5,0,variety.com,727,2.8679504814305363
https://variety.com/1940/film/reviews/the-philadelphia-story-1200413300/,https://variety.com/1940/film/reviews/the-philadelphia-story-1200413300/,blogPost,the philadelphia story,"['herb', 'herb']","['golden', 'golden']",1940-11-27,variety,cite news,"['magazineArticle', 'newspaperArticle']","[""''The Philadelphia Story'' review""]",['Golden'],['Herb'],['1940-11-26'],[],https://en.wikipedia.org/wiki/Katharine%20Hepburn,43337,1070518601,en,0.67,0,0.0,0.7,0.5,0.5,0,variety.com,727,2.8679504814305363
https://www.amazon.com/Century-typewriter-Wilfred-Beeching/dp/0434901202,https://www.amazon.com/Century-typewriter-Wilfred-Beeching/dp/0434901202,webpage,amazon.com,,,,www.amazon.com,citar livro,"['book', 'manuscript']",['Century of the Typewriter'],['Beeching'],['Wilfred A.'],['1974'],['heinemann'],https://pt.wikipedia.org/wiki/Oliver%20Typewriter%20Company,6035249,60927442,pt,0.04,0,0.21,0.0,0.0,0.0,0,www.amazon.com,206,1.8786407766990292
http://tvbythenumbers.zap2it.com/2009/11/10/cartoon-networkadult-swim-nielsen-ratings-notes-for-week-ending-november-8-2009/33193/,http://tvbythenumbers.zap2it.com/2009/11/10/cartoon-networkadult-swim-nielsen-ratings-notes-for-week-ending-november-8-2009/33193/,webpage,private site,,,,tvbythenumbers.zap2it.com,cite news,"['magazineArticle', 'newspaperArticle']","['Cartoon Network/Adult Swim Nielsen ratings notes for week ending November 8, 2009']",['Seidman'],['Robert'],['2009-11-10'],['tv by the numbers'],https://en.wikipedia.org/wiki/Ed%2C%20Edd%20n%20Eddy,306392,1070144049,en,0.1,0,0.44,0.0,0.0,0.0,0,tvbythenumbers.zap2it.com,111,1.4054054054054055
http://tvbythenumbers.zap2it.com/network-press-releases/the-chase-season-4-to-premiere-on-tuesday-january-27-on-gsn/347838/,http://tvbythenumbers.zap2it.com/network-press-releases/the-chase-season-4-to-premiere-on-tuesday-january-27-on-gsn/347838/,webpage,private site,,,,tvbythenumbers.zap2it.com,cite press release,[],"[""''The Chase'' Season 4 to Premiere on Tuesday, January 27 on GSN""]",['Bibel'],['Sara'],['2015-01-08'],['zap2it'],https://en.wikipedia.org/wiki/The%20Chase%20%28American%20game%20show%29,39725920,1070373994,en,0.11,0,0.24,0.0,0.0,0.0,0,tvbythenumbers.zap2it.com,111,1.4054054054054055
http://hansard.millbanksystems.com/commons/1955/mar/31/police-recruitment-and-conditions#S5CV0539P0_19550331_HOC_363,http://hansard.millbanksystems.com/commons/1955/mar/31/police-recruitment-and-conditions#S5CV0539P0_19550331_HOC_363,webpage,"police (recruitment and conditions) (hansard, 31 march 1955)",,,,hansard.millbanksystems.com,cite web,"['blogPost', 'email', 'forumPost', 'webpage']",['Police (Recruitment and Conditions)'],['Lloyd George'],['Gwilym'],['1955-03-31'],[],https://en.wikipedia.org/wiki/Bramshill%20House,3669968,1055221197,en,0.58,1,0.0,0.0,0.0,0.0,1,hansard.millbanksystems.com,123,2.6422764227642275
https://books.google.fr/books?id=64gnLowl6w8C,https://books.google.fr/books?id=64gnLowl6w8C,book,angola cle de l'afrique par mugur valahu,['mugur'],['valahu'],1966,nouvelles editions latines,Lien_web,[],"[""Angola clé de l'Afrique""]",['Mugur Valahu'],[],['1966'],['books.google.fr'],https://fr.wikipedia.org/wiki/F%C3%A9lix%20Houphou%C3%ABt-Boigny,101877,190250271,fr,0.57,0,0.15,1.0,0.0,0.5,1,books.google.fr,160,2.59375
https://books.google.fr/books?id=Zz9U4spzU2sC&pg=PA10&lpg=PA10,https://books.google.fr/books?id=Zz9U4spzU2sC&pg=PA10&lpg=PA10,book,gpa news january 2013,,,,gpa news,Lien web,"['blogPost', 'email', 'forumPost', 'podcast', 'videoRecording', 'webpage']","[""''National Mathematics Day : facts and figures''""]",['Vijay Navlakha'],[],['2013'],['google livres'],https://fr.wikipedia.org/wiki/Srinivasa%20Ramanujan,17520,190354100,fr,0.17,0,0.23,0.0,1.0,0.0,1,books.google.fr,160,2.59375
http://hansard.millbanksystems.com/commons/1953/apr/02/college-permanent-site,http://hansard.millbanksystems.com/commons/1953/apr/02/college-permanent-site,webpage,"college (permanent site) (hansard, 2 april 1953)",,,,hansard.millbanksystems.com,cite web,"['blogPost', 'email', 'forumPost', 'webpage']",['College (Permanent Site)'],['Lucas-Tooth'],['Hugh'],['1953-04-02'],[],https://en.wikipedia.org/wiki/Bramshill%20House,3669968,1055221197,en,0.5,1,0.0,0.0,0.0,0.0,1,hansard.millbanksystems.com,123,2.6422764227642275
http://autobus.cyclingnews.com/road/2009/giro09/?id=/features/2009/giro09_battlegrounds,http://autobus.cyclingnews.com/road/2009/giro09/?id=/features/2009/giro09_battlegrounds,webpage,www.cyclingnews.com presents the 92nd giro d'italia,,,,autobus.cyclingnews.com,cite news,"['magazineArticle', 'newspaperArticle']","[""Giro's key battlegrounds""]",['Les Clarke'],[],['2009-05-06'],"['cycling news', 'future publishing limited']",https://en.wikipedia.org/wiki/2009%20Giro%20d%27Italia,18733814,1048571750,en,0.18,0,0.43,0.0,1.0,0.0,1,autobus.cyclingnews.com,119,2.4789915966386555
http://autobus.cyclingnews.com/news.php?id=news/2009/may09/may01news2,http://autobus.cyclingnews.com/news.php?id=news/2009/may09/may01news2,webpage,www.cyclingnews.com - the world centre of cycling,,,,autobus.cyclingnews.com,cite news,"['magazineArticle', 'newspaperArticle']",['Garzelli tips Leipheimer for Giro'],['Gregor Brown'],[],['2009-05-01'],"['cycling news', 'future publishing limited']",https://en.wikipedia.org/wiki/2009%20Giro%20d%27Italia,18733814,1048571750,en,0.2,0,0.43,0.0,1.0,0.0,1,autobus.cyclingnews.com,119,2.4789915966386555
https://www.pomona.edu/news/2008/01/01-night-rite,https://www.pomona.edu/news/2008/01/01-night-rite,webpage,night rite,"['pomona college mailing address: 333 n. college way', '']","['claremont', 'ca 91711621-8000']",2020-05-18,"pomona college in claremont, california - pomona college",cite magazine,[],['Night Rite'],['Kendall'],['Mark'],['2008-01-01'],"['pomona college magazine', 'pomona college']",https://en.wikipedia.org/wiki/Pomona%20College,187509,1070558618,en,1.0,0,0.36,0.0,0.03,0.0,1,www.pomona.edu,113,2.9292035398230087
https://deadline.com/2015/11/kevin-spacey-baby-driver-billionaire-boys-club-castings-1201606018/,https://deadline.com/2015/11/kevin-spacey-baby-driver-billionaire-boys-club-castings-1201606018/,blogPost,kevin spacey joining 'baby driver' & 'billionaire boys club',"['mike fleming', 'mike fleming']","['jr', 'jr']",2015-11-04,deadline,cite news,"['magazineArticle', 'newspaperArticle']","[""Kevin Spacey Joining 'Baby Driver' & 'Billionaire Boys Club'""]",['Fleming'],"['Mike, Jr.']",['2015-11-03'],"['los angeles, california', 'penske media corporation']",https://en.wikipedia.org/wiki/Baby%20Driver,45051683,1070344684,en,1.0,0,0.17,0.7,0.17,0.0,1,deadline.com,314,2.78343949044586
https://deadline.com/2019/01/timothy-hutton-the-glorias-gloria-steinem-movie-julianne-moore-janelle-monae-alicia-vikander-1202536778/,https://deadline.com/2019/01/timothy-hutton-the-glorias-gloria-steinem-movie-julianne-moore-janelle-monae-alicia-vikander-1202536778/,blogPost,"'the glorias': timothy hutton joins julianne moore, alicia vikander in gloria steinem biopic","['anthony', 'anthony']","[""d'alessandro"", ""d'alessandro""]",2019-01-17,deadline,cite news,"['magazineArticle', 'newspaperArticle']","[""Timothy Hutton Joins Julianne Moore, Alicia Vikander In Gloria Steinem Biopic 'The Glorias: A Life On The Road'""]","[""D'Alessandro""]",['Anthony'],['2019-01-17'],['deadline hollywood'],https://en.wikipedia.org/wiki/Julianne%20Moore,243685,1069301100,en,0.56,0,0.44,1.0,0.5,0.5,1,deadline.com,314,2.78343949044586
https://www.vanityfair.com/news/2011/08/emma-stone-201108,https://www.vanityfair.com/news/2011/08/emma-stone-201108,webpage,emma stone: hollywood is her oyster,"['conde', '']","['nast', '']",2011-06-21,vanity fair,cite news,"['magazineArticle', 'newspaperArticle']",['Hollywood Is Her Oyster'],"['Diehl', 'Wolfe']","['Jessica', 'Alexandra']",[],['vanity fair'],https://en.wikipedia.org/wiki/Emma%20Stone,3741746,1070414374,en,0.66,0,1.0,0.0,0.11,0.0,1,www.vanityfair.com,123,2.7642276422764227
http://www.mtv.com/news/1627016/rihanna-plotted-her-path-to-success-in-first-mtv-news-interview/,http://www.mtv.com/news/1627016/rihanna-plotted-her-path-to-success-in-first-mtv-news-interview/,webpage,rihanna plotted her path to success in first mtv news interview,['jocelyn'],['vena'],,mtv news,citar jornal,[],['Rihanna Plotted Her Path To Success in First MTV News Interview'],['Jones'],['Steve'],['2009-11-21'],[],https://pt.wikipedia.org/wiki/Rihanna,347180,62962617,pt,1.0,0,0.0,0.0,0.14,0.2,1,www.mtv.com,590,2.854237288135593
http://www.mtv.com/news/1428047/destinys-child-sued-by-former-members/,http://www.mtv.com/news/1428047/destinys-child-sued-by-former-members/,webpage,destiny's child sued by former members,[''],['archive-rob-mancini'],,mtv news,citar web,"['blogPost', 'email', 'forumPost', 'webpage']","[""Destiny's Former Children Settle Suit""]",['Mancini'],['Rob'],['2000-03-24'],['mtv'],https://pt.wikipedia.org/wiki/Destiny%27s%20Child,278589,62026639,pt,0.37,1,0.38,0.0,0.0,0.37,1,www.mtv.com,590,2.854237288135593
https://www.imdb.com/title/tt1435167/,https://www.imdb.com/title/tt1435167/,tvBroadcast,the asteroid and the dinosaur,['robin'],['bates'],1981-03-10,nova,cite web,"['blogPost', 'email', 'forumPost', 'webpage']","['The Asteroid and the Dinosaur (Nova S08E08, 1981)']",['Alvarez'],['Luis'],['1981-03-10'],"['imdb', 'pbs-wgbh/nova']",https://en.wikipedia.org/wiki/Cretaceous%E2%80%93Paleogene%20extinction%20event,44503418,1068684167,en,0.59,0,0.31,1.0,0.2,0.29,1,www.imdb.com,285,2.4
https://abcnews.go.com/Entertainment/wireStory/review-priyanka-chopra-jonas-reveals-private-life-details-75753999,https://abcnews.go.com/Entertainment/wireStory/review-priyanka-chopra-jonas-reveals-private-life-details-75753999,webpage,review: priyanka chopra jonas reveals private life details,['a. b. c.'],['news'],,abc news,cite news,"['magazineArticle', 'newspaperArticle']",['Review: Priyanka Chopra Jonas reveals private life details'],['Sprayregen'],['Molly'],['2021-02-08'],[],https://en.wikipedia.org/wiki/Priyanka%20Chopra,838950,1070187493,en,1.0,0,0.0,0.0,0.0,0.1,1,abcnews.go.com,107,2.308411214953271
https://www.gamekult.com/actualite/la-playstation-renait-de-ses-cendres-2186.html,https://www.gamekult.com/actualite/la-playstation-renait-de-ses-cendres-2186.html,webpage,la playstation renait de ses cendres,,,2000-12-06CET13:09:00+0100,www.gamekult.com,Lien web,"['blogPost', 'email', 'forumPost', 'podcast', 'videoRecording', 'webpage']",['La {{Langue|en|PlayStation}} renaît de ses cendres'],['Dagdag'],[],['2000'],['{{langue|en|[[gamekult}}'],https://fr.wikipedia.org/wiki/The%20Legend%20of%20Zelda%3A%20Majora%27s%20Mask,176046,190345216,fr,0.72,1,0.25,0.7,1.0,0.0,2,www.gamekult.com,102,2.7450980392156863
https://www.gamekult.com/actualite/zelda-majora-s-mask-arrive-sur-console-virtuelle-wii-u-165229.html,https://www.gamekult.com/actualite/zelda-majora-s-mask-arrive-sur-console-virtuelle-wii-u-165229.html,webpage,zelda majora's mask arrive sur console virtuelle wii u,,,2016-06-20CEST14:36:26+0200,www.gamekult.com,Lien web,"['blogPost', 'email', 'forumPost', 'podcast', 'videoRecording', 'webpage']","[""''{{Langue|en|Zelda Majora's Mask}}'' arrive sur Console virtuelle Wii {{Langue|en|U}}""]",['AoNoShiro'],[],['2016'],['{{langue|en|[[gamekult}}'],https://fr.wikipedia.org/wiki/The%20Legend%20of%20Zelda%3A%20Majora%27s%20Mask,176046,190345216,fr,0.63,1,0.25,0.7,1.0,0.0,2,www.gamekult.com,102,2.7450980392156863
https://cidades.ibge.gov.br/brasil/mg/santana-do-paraiso/pesquisa/38/46996,https://cidades.ibge.gov.br/brasil/mg/santana-do-paraiso/pesquisa/38/46996,webpage,,,,,cidades.ibge.gov.br,citar web,"['blogPost', 'email', 'forumPost', 'webpage']",['Produto Interno Bruto dos Municípios - 2018'],['IBGE Cidades'],[],['2018'],[],https://pt.wikipedia.org/wiki/Santana%20do%20Para%C3%ADso,32641,62767096,pt,0.0,1,0.0,0.0,1.0,0.0,2,cidades.ibge.gov.br,106,2.5849056603773586
https://cidades.ibge.gov.br/brasil/mg/ipatinga/pesquisa/39/30279,https://cidades.ibge.gov.br/brasil/mg/ipatinga/pesquisa/39/30279,webpage,,,,,cidades.ibge.gov.br,citar web,"['blogPost', 'email', 'forumPost', 'webpage']",['Taxa de mortalidade infantil'],['IBGE Cidades'],[],['2017'],[],https://pt.wikipedia.org/wiki/Ipatinga,1036,62890705,pt,0.0,1,0.0,0.0,1.0,0.0,2,cidades.ibge.gov.br,106,2.5849056603773586
"http://globoesporte.globo.com/ESP/Noticia/Arquivo/0,,AA1349085-4282,00.html","http://globoesporte.globo.com/ESP/Noticia/Arquivo/0,,AA1349085-4282,00.html",webpage,"globo.com - desculpe-nos, ocorreu um erro.",,,,globoesporte.globo.com,citar web,"['blogPost', 'email', 'forumPost', 'webpage']",['Ney Franco viaja para Vila Velha na segunda'],['Márcio Iannacca'],[],['2006-11-13'],['globo esporte'],https://pt.wikipedia.org/wiki/Vila%20Velha,15465,62663000,pt,0.09,1,0.5,0.0,1.0,0.0,2,globoesporte.globo.com,197,2.6548223350253806
"http://globoesporte.globo.com/ESP/Noticia/0,,MUL387739-10122,00.html","http://globoesporte.globo.com/ESP/Noticia/0,,MUL387739-10122,00.html",webpage,globoesporte.com > olimpiadas 2008 - noticias - rsf pede boicote da abertura dos jogos,,,,globoesporte.globo.com,citar web,"['blogPost', 'email', 'forumPost', 'webpage']",['RSF pede boicote da abertura dos Jogos'],['Globoesporte.com'],[],['2008-04-04'],[],https://pt.wikipedia.org/wiki/Cerim%C3%B4nia%20de%20abertura%20dos%20Jogos%20Ol%C3%ADmpicos%20de%20Ver%C3%A3o%20de%202008,1844297,57349722,pt,0.44,1,0.0,0.0,1.0,0.0,2,globoesporte.globo.com,197,2.6548223350253806
https://www.pomona.edu/administration/president/statements/posts/task-force-public-dialogue-final-report-and-board-update,https://www.pomona.edu/administration/president/statements/posts/task-force-public-dialogue-final-report-and-board-update,webpage,task force on public dialogue final report and board update,"['pomona college mailing address: 333 n. college way', '']","['claremont', 'ca 91711621-8000']",2018-05-18,"pomona college in claremont, california - pomona college",cite web,"['blogPost', 'email', 'forumPost', 'webpage']",['Task Force on Public Dialogue Final Report and Board Update'],['Starr'],['G. Gabrielle'],['2018-05-18'],['pomona college'],https://en.wikipedia.org/wiki/Pomona%20College,187509,1070558618,en,1.0,1,0.25,1.0,0.08,0.11,3,www.pomona.edu,113,2.9292035398230087
